{
    "embeds": [
      {
        "color": 16711680,
        "fields": [
          {
            "name": "<:leaves:906931999908966420> User left",
            "value": "・${user_mention}\n・`​${user_tag}`​\n・Account created ${user_created_date}"
          }
        ],
        "thumbnail": {
          "url": "https://cdn.discordapp.com/avatars/user"
        }
      },
      {
        "color": 3092790,
        "fields": [
          {
            "name": "<:Invite:906259354624327700> Invited by",
            "value": "・${inviter_mention}\n・`​${inviter_tag}`​\n・`​${inviter_invites_leaves}`​ leaves\n・`​${inviter_invites_total}`​ invites"
          }
        ],
        "footer": {
          "text": "We now have ${guild_membercount} members!",
          "icon_url": "https://cdn.discordapp.com/avatars/server"
        },
        "thumbnail": {
          "url": "https://cdn.discordapp.com/avatars/inviter"
        }
      }
    ]
  }